Title,Price,Website
Overlord Vol #1 [Novel] (Hardcover),$17.29,AnimeCornerStore
Overlord Vol #2 [Novel] (Hardcover),$17.29,AnimeCornerStore
Overlord Vol #3 [Novel] (Hardcover),$17.29,AnimeCornerStore
Overlord Vol #4 [Novel] (Hardcover),$17.29,AnimeCornerStore
Overlord Vol #5 [Novel] (Hardcover),$17.29,AnimeCornerStore
Overlord Vol #6 [Novel] (Hardcover),$17.29,AnimeCornerStore
Overlord Vol #7 [Novel] (Hardcover),$17.29,AnimeCornerStore
Overlord Vol #8 [Novel] (Hardcover),$17.29,AnimeCornerStore
Overlord Vol #9 [Novel] (Hardcover),$17.29,AnimeCornerStore
Overlord Vol #10 [Novel] (Hardcover),$17.29,AnimeCornerStore
Overlord Vol #11 [Novel] (Hardcover),$17.29,AnimeCornerStore
Overlord Vol #12 [Novel] (Hardcover),$17.29,AnimeCornerStore
